idIgreja,NomeIgreja,Cidade,UF,vocativo,NomeSecretárioConselho,EmailSecretárioConselho,Classe,Obs,Endereço,Coords,LocalizadorCurto
1,Igreja Presbiteriana de Brasília,Brasília,DF,a,Rev. Leonardo Sahium e Presb. Adilson Vieira,secretaria@ipbsb.org.br; adilsonvieira46@gmail.com,1.Igreja filiada à IPB,"Pb. Adilson Vieira (adilson@solar.com.br)
Pb. Apolonio Brandão (apoloniob@ig.com.br)
http://www.ipbsb.org.br/artigo/sobre-o-conselho/44",,,
3,Igreja Batista Capital (antiga Terceira Igreja Batista do Plano Piloto),Brasília,DF,a,Pr. Gilberto Wegermann,wegermann.gilberto@gmail.com;juliana@terceira.org.br;igreja@terceira.org.br,2.Igreja evangélica não IPB,"Setor de Clubes Esportivos Sul, Trecho 2, cj. 52, lt. 40, www.terceira.org.br; 
CAMPUS SUL: SCES Trecho 2 Cj. 52 Lote 40, Brasília-DF
CAMPUS NORTE: SQN 407/408, Área Especial 1, Asa Norte, Brasília-DF
(61) 3272 0847 | igreja@terceira.org.br",,,
4,Primeira Igreja Presbiteriana de Taguatinga,Brasília,DF,a,Rev. Adriano Duarte Caires e Presb. Bruno Casagrande,adcaires@hotmail.com;casaosp@yahoo.com.br,1.Igreja filiada à IPB,,,,
5,Igreja Presbiteriana Luz,Goiânia,GO,a,,,1.Igreja filiada à IPB,,,,
6,Igreja Presbiteriana do Cruzeiro,Brasília,DF,a,Rev. João Geraldo,ipbcruzeiro@brturbo.com.br;secretaria@ipcruzeiro.org.br,1.Igreja filiada à IPB,(61) 98416-7043,,,
7,Igreja Presbiteriana de Blumenau,Blumenau,SC,a,,,1.Igreja filiada à IPB,,,,
8,Igreja Presbiteriana do Sudoeste,Brasília,DF,a,Rev. Ricardo da Cruz Santana (61 9-9280-8088),,1.Igreja filiada à IPB,99280-8088,,,
9,Igreja Presbiteriana Betânia de Cuiabá,Cuiabá,MT,a,Rev. Nelson Abreu Júnior,nelsontulip@hotmail.com;betaniacba@uol.com.br,1.Igreja filiada à IPB,,,,
10,Igreja Presbiteriana da Madalena,Recife,PE,a,,,1.Igreja filiada à IPB,,,,
12,Comunidade Cristã Ministério da Fé (Taguatinga Norte),Brasília,DF,o,,,2.Igreja evangélica não IPB,,,,
13,Igreja Cristã O Renovo,Brasília,DF,a,,,2.Igreja evangélica não IPB,,,,
14,Igreja Evangélica Suíça de São Paulo,São Paulo,SP,a,,,2.Igreja evangélica não IPB,,,,
15,Igreja do Nazareno Central,Brasília,DF,a,,,2.Igreja evangélica não IPB,,,,
16,Igreja Presbiteriana Central do Gama,Brasília,DF,a,Rev. Baltazar Lopes Fernandes,secretaria@ipcg.org.br;secretariaipcgama@gmail.com,1.Igreja filiada à IPB,"www.ipcg.org.br  ou secretaria@ipcg.org.br , fone: 3556-0678.",,,
18,Igreja Memorial Batista de Brasília,Brasília,DF,a,,,2.Igreja evangélica não IPB,,,,
19,Igreja Batista no Lago Sul,Brasília,DF,a,,,2.Igreja evangélica não IPB,,,,
20,Igreja Presbiteriana de Vinhais,São Luís,MA,a,,,1.Igreja filiada à IPB,,,,
22,--- não é/era membro de igreja ---,---,---,-,,,3.outra origem,,,,
23,Igreja Presbiteriana do Lago Sul,Brasília,DF,a,Rev. Jailson de Souza Gomes,secretariaipls@ipls.org.br; iplagosul@gmail.com; rev.jailsongomes@ipb.org.br,1.Igreja filiada à IPB,,,,
24,Igreja Presbiteriana do Lago Norte,Brasília,DF,a,Rev. Carlos Veiga e Presb. Rubão Lima,cveiga@terra.com.br;iplagonorte@gmail.com,1.Igreja filiada à IPB,administrador é o Rubão cujo o celular é 8407-3681,,,
25,Igreja Presbiteriana de Araraquara,Araraquara,SP,a,Elda Ludovico Mastria (secretária),elda_mastria@hotmail.com,1.Igreja filiada à IPB,http://ipararaquara.vilabol.uol.com.br/lideres.html,,,
26,"Cornerstone Presbyterian Church (OPC, Philadelfia-PA, USA)",Philadelphia,PA,a,,,2.Igreja evangélica não IPB,http://www.cornerstoneopc.com/index.php,,,
27,Igreja Batista Esperança de Porto Alegre,Porto Alegre,RS,a,Rev. Jonathan Hutchins,hutchins@salzo.net,2.Igreja evangélica não IPB,http://www.ibepoa.com/,,,
28,Igreja Assembleia de Deus Central em Araguari,Araguari,MG,a,,,2.Igreja evangélica não IPB,,,,
29,Comunidade El Shaddai em Araguari,Araguari,MG,a,,,2.Igreja evangélica não IPB,,,,
30,Sovereign Grace Fellowship South Bay,Los Angeles,CA/USA,a,Rev. Joe Lamay,joelamay@sbcglobal.net,2.Igreja evangélica não IPB,www.sovgracefellowship.org,,,
31,Primeira Igreja Presbiteriana de Goiânia,Goiânia,GO,a,Rev. Milton Rodrigues Jr.,pipg35@terra.com.br;miltonrj@uol.com.br,1.Igreja filiada à IPB,http://www.pipg.org/,,,
32,Igreja Batista Central de Brasília,Brasília,DF,a,Pr. Ricardo Espíndola,prre@terra.com.br; comunicacao@ibcb.org,2.Igreja evangélica não IPB,,,,
33,Igreja Presbiteriana Nacional,Brasília,DF,a,Rev. Marco Antonio Baumgratz Ribeiro,marco@ipn.org.br; administrativo@ipn.org.br; secretaria@ipn.org.br,1.Igreja filiada à IPB,,,,
34,--- ainda não indentificada ---,,,-,,,3.outra origem,,,,
35,Igreja Assembleia de Deus em Sobradinho,Brasília,DF,a,Pr. Lourival Dias Neto,,2.Igreja evangélica não IPB,,,,
36,Igreja Assembleia de Deus Ministério Fé na Terra,Brasília,DF,a,,,2.Igreja evangélica não IPB,,,,
37,Igreja Presbiteriana Semear,Brasília,DF,a,Rev. Emilio Garofalo Neto e Presb. Daniel Lopes,emiliogneto@yahoo.com.br; conselho@ipsemear.org; bislopes@yahoo.com; frheringer@gmail.com,1.Igreja filiada à IPB,Telefone:  3326-4994,,,
38,Primeira Igreja Batista Reformada em Taguatinga,Brasília,DF,a,,,2.Igreja evangélica não IPB,,,,
39,Igreja Presbiteriana Central de Araguari,Araguari,MG,a,Rev. Edivaldo Junior,ipca120@hotmail.com,1.Igreja filiada à IPB,,,,
40,7a Igreja Presbiteriana Conservadora de São Paulo,São Paulo,SP,a,,,2.Igreja evangélica não IPB,,,,
41,Igreja Presbiteriana do Butantã,São Paulo,SP,a,,,1.Igreja filiada à IPB,,,,
42,Presbitério Brasília Norte/SCB,Brasília,DF,o,,,4.Presbitério da IPB,,,,
43,Igreja de Nova Vida de Brasília,Brasília,DF,a,Pr. Nilson Santos,sede.novavida@gmail.com,2.Igreja evangélica não IPB,,,,
44,Igreja Cristã Evangélica do Brasil,Brasília,DF,a,,,2.Igreja evangélica não IPB,,,,
45,Primeira Igreja Presbiteriana do Brasil,Santa Maria da Vitória,BA,a,,,1.Igreja filiada à IPB,,,,
46,Igreja Metodista/Estrutural-DF,Brasília,DF,a,,,2.Igreja evangélica não IPB,,,,
47,Igreja Batista de Parquelândia,Fortaleza,CE,a,Rev. Cleyton Gadelha,fcleytongadelha@oi.com.br; cleytongadelha@ibest.com.br,2.Igreja evangélica não IPB,,,,
48,Igreja Presbiteriana do Cambeba,Fortaleza,CE,a,Rev. Francisco Macena da Costa,ipbcambeba@hotmail.com;revmacena@gmail.com,1.Igreja filiada à IPB,,,,
49,Primeira Igreja Batista Independente da Ceilândia Norte,Brasília,DF,a,Pr. Waldemi,,2.Igreja evangélica não IPB,O pastor anterior era Pastor Roberto A. Costa,,,
50,Igreja Luterana de Tinglev- Dinamarca,Tinglev (Dinamarca),--,a,,,2.Igreja evangélica não IPB,,,,
51,Igreja Cristã Manancial da Vida,Brasília,DF,a,Pr. José Vilaça da Silva,administracao@icmdv.org,2.Igreja evangélica não IPB,"QSB 11, AE 11, Taguatinga Sul, Brasília-DF, CEP 72015-610, administracao@icmdv.org, (61) 3351 4582, (61) 3351 4582",,,
52,Igreja Cristã Maranata,Brasília,DF,a,,,2.Igreja evangélica não IPB,,,,
53,Igreja Presbiteriana Iawé Nissi,Brasília,DF,a,Rev. Daniel Sampaio Mota (Pastor Titular) e Presb. Otair Paulo de Ávila (Secret. do Conselho),ipinipb@hotmail.com; ipinipb@bol.com.br,1.Igreja filiada à IPB,"Igreja Presbiteriana Iawé Nissi – Taguatinga Norte – DF; 3562-7884  (Tatyana Silva, Taty); Rev. Daniel Sampaio Mota (9252-1563); Secretaria da Igreja - Meire (3562-7884; 2192-9352)",,,
54,Igreja Batista Vale da Bênção,Brasília,DF,a,,,2.Igreja evangélica não IPB,,,,
55,Igreja Batista Filadélfia (no Guará),Brasília,DF,a,,,2.Igreja evangélica não IPB,,,,
56,Igreja Assembleia de Deus na Candangolândia (ADECAN),Brasília,DF,a,Pr. Misael Alves da Silva,adecanpv@gmail.com,2.Igreja evangélica não IPB,"(61) 3355-5533 (Secretaria), http://www.adecan.com.br/",,,
57,Templo Batista do Vale do Amanhecer,Brasília,DF,a,,,2.Igreja evangélica não IPB,,,,
58,Igreja Projeto Ômega,Ipatinga,MG,a,,,2.Igreja evangélica não IPB,,,,
59,Caminho da Graça (Caio Fábio),Brasília,DF,a,Caio Fábio,,2.Igreja evangélica não IPB,,,,
60,Igreja Episcopal Carismática do DF,Brasília,DF,a,,,2.Igreja evangélica não IPB,,,,
61,"Igreja Episcopal Anglicana em Recife-PE, paróquia da Trindade",Recife,PE,a,,,2.Igreja evangélica não IPB,,,,
62,Ministério Mundial de Unidade Cristã,Brasília,DF,o,,,2.Igreja evangélica não IPB,,,,
63,Igreja Batista Cidade Universitária (IBCU),São Paulo,SP,a,,,2.Igreja evangélica não IPB,http://www.ibcu.org.br/,,,
64,Igreja Presbiteriana de São Luís,São Luís,MA,a,,,1.Igreja filiada à IPB,,,,
65,Igreja Católica Apostólica Romana (ICAR),,,a,,,3.outra origem,,,,
66,Igreja Missionária Evangélica do Betel Brasileiro do Cruzeiro,Brasília,DF,a,,,2.Igreja evangélica não IPB,Pr. Queiroz (61 9-8151-0033),,,
67,Igreja Vintage 180,Porto Alegre,RS,a,Pr. Jackson Jacques,,2.Igreja evangélica não IPB,,,,
68,Igreja Presbiteriana Betânia,Brasília,DF,a,Rev. Reginaldo Carvalho,reginaldoepri@ig.com.br; administracao@ipbetaniadf.org.br,1.Igreja filiada à IPB,"http://www.ipbetaniadf.com.br/; Rua 4B, Chácara 1A, Lote 05, Loja 01, Vicente Pires, Brasília - DF",,,
69,Igreja Batista Central de Fortaleza,Fortaleza,CE,a,Pr. Armando Bispo,bispo@ibc.org.br,2.Igreja evangélica não IPB,http://ibc.org.br/,,,
70,Igreja Presbiteriana Central de Águas Claras,Brasília,DF,a,"Rev. Pedro Tavares da Silva (efetivo), Rev. Francisco José Cruz Moraes (auxiliar) e Presb. Silas",ptsjab@zimail.com.br; revfmoraes@gmail.com; silasfreitas70@gmail.com,1.Igreja filiada à IPB,,,,
71,Igreja Assembleia de Deus Vitória em Cristo (Recife/PE),Recife,PE,a,,,2.Igreja evangélica não IPB,,,,
72,Igreja Presbiteriana do Brasil em Santa Maria,Brasília,DF,a,Rev. José Sebastião Soares Perônico,jose@ppla.org.br; jose.soares2020@gmail.com,1.Igreja filiada à IPB,"EQ 304/307 Área Especial Lote 2, Santa Maria Sul - Santa Maria. DF
QR 304, Conj. V, Cs. 15 – 72 504-522 - Santa Maria – DF",,,
73,Primeira Igreja Presbiteriana de Ceilândia,Brasília,DF,a,Rev. Eudes Oaks,eudesoaks_5@hotmail.com,1.Igreja filiada à IPB,"EQNM 4/6 BL A - Ceilândia,Brasília, DF | CEP: 72210-521, (61) 3371-1166  3373-2532, CEP: 72.210-045 Fone : 61 33711166",,,
74,Igreja Presbiteriana do Guará II,Brasília,DF,a,Rev. Fabio Henrique de Jesus Caetano e Presbs. Heitor Rocha de Almeida e Éverson Campos dos Santos,secretaria@ipgii.org.br;ipgii@ipgii.org.br;heitor.hranet@gmail.com;eversonbsb@gmail.com,1.Igreja filiada à IPB,"EQ 30/32 Área Especial ""C"" - Guará II, CEP: 71065-305 Brasília/DF, Telefones: (61) 3567-2799 / (61) 3381-0454, www.ipgii.org.br; Rev. Rosther Guimarães Lopes 9988-6629",,,
75,Segunda Igreja Presbiteriana de Ceilândia,Brasília,DF,a,Rev. Oswaldo Antônio da Silva Júnior (Efetivo) e Presb. André de Oliveira Clovandi (Secretário),revoswaldo@yahoo.com.br; clovandi@gmail.com,1.Igreja filiada à IPB,"Rev. Oswaldo Antônio da Silva Júnior (Efetivo, 9-9615-7242, revoswaldo@yahoo.com.br) e Presb. André de Oliveira Clovandi (Secretário, clovandi@gmail.com)",,,
76,Comunidade Cristã Fonte de Água Viva,Brasília,DF,a,,,2.Igreja evangélica não IPB,,,,
77,Primeira Igreja Batista Reformada em Caxias do Sul,Caxias do Sul,RS,a,Rev. Douglas,pib.reformadacaxias@gmail.com,2.Igreja evangélica não IPB,,,,
78,Presbitério de Brasília/SBS,Brasília,DF,o,,,1.Igreja filiada à IPB,,,,
79,Congregação Missionária da JMN/IPB em Farroupilha,Farroupilha,RS,a,Rev. Geraldo Mescoloto,mescoloto57@uol.com.br,1.Igreja filiada à IPB,,"Rua Camilo Brasileiro, 1208, próximo da Brigada Militar e dos Bombeiros, Bairro Pio X, Cx. Postal 490",,
80,Igreja Presbiteriana Paulistana,São Paulo,SP,a,Rev. Davi Charles Gomes; Presb. Maurício,davi@coramdeo.com.br; davicharles@me.com; evertonlevi@hotmail.com,1.Igreja filiada à IPB,,,,
81,Igreja Batista Norte da Ilha (Florianópolis/SC),Florianópolis,SC,a,,,2.Igreja evangélica não IPB,,,,
82,Segunda Igreja Presbiteriana de Taguatinga,Brasília,DF,a,Rev. Jefferson Batista Neres,rev.jeffersonipb@yahoo.com.br,1.Igreja filiada à IPB,,,,
83,Igreja Vivo por Ti,Brasília,DF,a,,,2.Igreja evangélica não IPB,http://vivoporti-igrejaemmovimento.blogspot.com.br,,,
84,Primeira Igreja Batista de Blumenau- Santa Catarina,Blumenau,SC,a,,,2.Igreja evangélica não IPB,,,,
85,Ministério Braço Forte do Senhor,Brasília,DF,a,,,2.Igreja evangélica não IPB,,,,
86,Igreja Batista de Florianópolis,Florianópolis,SC,a,,,2.Igreja evangélica não IPB,,,,
87,Igreja Presbiteriana do Setor Bueno,Goiânia,GO,a,Giovanni Zardini,,1.Igreja filiada à IPB,"http://www.ipsbueno.com.br/; Rua T-29, Qd-54, Lt-11 - Setor Bueno - Goiânia - Go
(62)3092-7980 | 7985",,,
88,Comunidade Presbiteriana de Aracaju,Aracaju,SE,a,Rev. Ricardo Carvalho e Rev. Emerson Profirio,ricbel@uol.com.br; emersonprofirio@yahoo.com.br,1.Igreja filiada à IPB,,,,
89,Igreja Presbiteriana de Brazlândia (Congr. Aliança),Brasília,DF,a,,,1.Igreja filiada à IPB,,,,
90,Igreja Batista Regular do Calvário,Anápolis,GO,a,,,2.Igreja evangélica não IPB,,,,
91,Primeira Igreja Presbiteriana do Riacho Fundo,Brasília,DF,a,Rev. Jolson Barbosa Lima (061 8252-8100),jolson.bl@gmail.com,1.Igreja filiada à IPB,3399-7466; Rev Jolson 8252 8100,"Rev. Jolson Barbosa Lima
QN 7 – Conjunto 17 – Casa 11 – CEP: 71805-717 – Riacho Fundo I-DF
Fone: (61) 8252 8100
E-mail: jolson.bl@gmail.com.br",,
92,Igreja Viva,Brasília,DF,a,,,2.Igreja evangélica não IPB,,,,
93,Igreja Assembleia de Deus da Estrutural (Ministério Madureira),Brasília,DF,a,,,2.Igreja evangélica não IPB,,,,
94,Comunidade Boas Novas,Goiânia,GO,a,,,2.Igreja evangélica não IPB,,,,
95,Igreja Presbiteriana de Assis,Farroupilha,RS,a,Rev. Geraldo Mescoloto,mescoloto@hotmail.com,1.Igreja filiada à IPB,,,,
96,Igreja Presbiteriana do Bairro de Fátima,Serra,ES,a,,,1.Igreja filiada à IPB,,,,
97,Primeira Igreja Batista da Ceilândia,Brasília,DF,a,,,2.Igreja evangélica não IPB,,,,
98,Igreja Presbiteriana de Ceres,Ceres,GO,a,,,1.Igreja filiada à IPB,,,,
99,Igreja Presbiteriana de Santa Bárbara d’Oeste,Santa Bárbara d’Oeste,SP,a,,,1.Igreja filiada à IPB,,,,
100,Igreja Batista Alemã de São Paulo,São Paulo,SP,a,,,2.Igreja evangélica não IPB,,,,
101,Igreja Batista do Lago Norte,Brasília,DF,a,,,2.Igreja evangélica não IPB,,,,
102,Quarta Presbiteriana de Patos de Minas,Patos de Minas,MG,a,,,1.Igreja filiada à IPB,,,,
103,Primeira Igreja Presbiteriana de Porto Velho,Porto Velho,RO,a,"Rev. Ewerton Barcelos Tokashiki, Rev. Esli Soares; Presb. Rogério Bernini Jr",rogerioberninijr@gmail.com; contato@ipportovelho.com.br,1.Igreja filiada à IPB,69 32214134 ; (69) 8124-6854; Rua; eslisoares@gmail.com,"Rua Almirante Barroso, 1180, Centro, Porto Velho/RO, fone (69)3221-4134",,
104,"Assembleia de Deus El Shadai, Taguatinga",Brasília,DF,a,,,2.Igreja evangélica não IPB,,,,
105,Cruzada Cristã de Evangelização,Brasília,DF,a,,,2.Igreja evangélica não IPB,,QSD 15 - Tag Sul,,
106,Gateshead Presbyterian Church,NewCastle,UK,a,,,2.Igreja evangélica não IPB,,,,
107,Igreja Presbiteriana do Catolé,Campina Grande,PB,a,,,1.Igreja filiada à IPB,,,,
108,Igreja Presbiteriana Mosaico,Goiânia,GO,a,Rev. Luciano Pires,,1.Igreja filiada à IPB,,"Av. T53, 480, Setor Bueno, Goânia-GO, Brasil",,
109,Primeira Igreja Presbiteriana de Sobradinho,Brasília,DF,a,Rev. Juscely dos Santos,1ipsobradinho@gmail.com; juscely2003@yahoo.com.br,1.Igreja filiada à IPB,062 9-9623-6383,,,
110,Igreja Cristã Evangélica de Brasília (309/310N),Brasília,DF,a,,,2.Igreja evangélica não IPB,,SQN 309/310,,
111,Terceira Igreja Presbiteriana de Taguatinga,Brasília,DF,a,Rev. Geomário Moreira Carneiro e Presb. Jorge Afonso Marques de Souza,geomario@terra.com.br; secretaria@3ipt.org.br,1.Igreja filiada à IPB,http://www.3ipt.org.br/,,,
112,Quarta Igreja Presbiteriana de Taguatinga,Brasília,DF,a,Romildo L. de Freitas (Pastor Efetivo) e Presb. Denilson Cornélio Rosa (Secretário do Conselho),quartaipt@gmail.com;denilson.cr6@gmail.com,1.Igreja filiada à IPB,"61 3475-4411, secretária Marília",,,
113,Igreja Batista Filadélfia Independente,Guanambi,BA,a,,,2.Igreja evangélica não IPB,,,,
114,Comunidade Evangélica Sara Nossa Terra,Brasília,DF,a,,,3.outra origem,,,,
115,Primeira Igreja Presbiteriana de Teresina,Terezina,PI,a,Rev. Rodrigo Brotto,,1.Igreja filiada à IPB,,,,
116,Igreja de Deus (em Sobradinho),Brasília,DF,a,,,2.Igreja evangélica não IPB,,,,
117,Igreja Batista Peniel,Resende,RJ,a,,,2.Igreja evangélica não IPB,,,,
118,Igreja Batista Jardim Floresta,Boa Vista,RR,a,,,2.Igreja evangélica não IPB,Telefone:(95) 3625-7142,"Av. Princesa Isabel, 2840 - Tancredo Neves, Boa Vista - RR, 69312-175",,
119,Igreja Batista Ebenézer do Guará II,Brasília,DF,a,,,2.Igreja evangélica não IPB,,,,
120,Igreja Nova Vida do Guará,Brasília,DF,a,,,2.Igreja evangélica não IPB,,,,
121,Igreja Novo Tempo,Brasília,DF,a,,,2.Igreja evangélica não IPB,,,,
122,Igreja Batista Esperança de Taguatinga Sul,Brasília,DF,a,,,2.Igreja evangélica não IPB,,,,
123,Assembleia de Deus – Ministério de Brasília,Brasília,DF,a,,,2.Igreja evangélica não IPB,,,,
124,Igreja Batista Asa Sul,Brasília,DF,a,,,2.Igreja evangélica não IPB,,,,
125,"Ministério Núcleo da Fé, Núcleo Bandeirante",Brasília,DF,o,,,2.Igreja evangélica não IPB,,,,
126,Igreja Evangélica Assembleia de Deus Novo Dia,Brasília,DF,a,Pastor Hadman Daniel,,2.Igreja evangélica não IPB,,Avenida L2 Sul - Quadra 611 - Módulo 77 - CEP 70200-710 Brasília/DF,,
127,Igreja Presbiteriana de Anápolis (Central),Anápolis,GO,a,Rev. Samuel Vieira,revsamuca@gmail.com;ipasecretaria@gmail.com,1.Igreja filiada à IPB,,,,
128,Igreja de Cristo,Brasília,DF,a,,,2.Igreja evangélica não IPB,,,,
129,Comunidade das Nações,Brasília,DF,a,,,2.Igreja evangélica não IPB,,,,
130,Igreja Presbiteriana de Cuiabá,Cuiabá,MT,a,Rev. Marcos Antonio Serjo da Costa,rev.marcosserjo@ipcuiaba.org.br; secretaria@ipcuiaba.org.br,1.Igreja filiada à IPB,,,,
131,Igreja Presbiteriana de Quirinópolis,Quirinópolis,GO,a,,,1.Igreja filiada à IPB,,,,
132,Igreja Evangélica Assembléia de Deus em Taguatinga (ADTAG - Ministério Madureira),Brasília,DF,a,,,2.Igreja evangélica não IPB,,,,
133,"Igreja de Deus no Brasil, do Guará I",Brasília,DF,a,,,2.Igreja evangélica não IPB,,,,
134,Igreja Batista das Nações (Ceilândia),Brasília,DF,a,Pr. Jair Vieira,igreja.nacoes@gmail.com,2.Igreja evangélica não IPB,,,,
135,Igreja Batista Central de Taguatinga,Brasília,DF,a,,,2.Igreja evangélica não IPB,,,,
136,Segunda Igreja Presbiteriana Independente do Rio de Janeiro,Rio de Janeiro,RJ,a,,,2.Igreja evangélica não IPB,,,,
137,Igreja Assembleia de Deus do Guará II,Brasília,DF,a,,,2.Igreja evangélica não IPB,,,,
138,Igreja Presbiteriana do Jardim Botânico,Brasília,DF,a,Rev. Ithamar Clímaco Ximenes Filho,mazinho_@hotmail.com; ipjb@ipjb.org.br,1.Igreja filiada à IPB,,,,
139,Cascade Christian Church (Disciples of Christ),USA,USA,a,,,2.Igreja evangélica não IPB,,,,
140,Igreja Cristã Evangélica de Fortaleza,Fortaleza,CE,a,,,2.Igreja evangélica não IPB,,,,
141,Igreja de Cristo no Veredão,Brasília,DF,a,,,2.Igreja evangélica não IPB,,"Sh Arniqueiras/Colônia Agrícola Vereda Grande Chac 62A Conjunto B 2, Brasília - DF",,
142,Igreja Cristã de Confissão Reformada (Taguatinga),Brasília,DF,a,,,2.Igreja evangélica não IPB,http://www.iccrbrasilia.com/,,,
143,Igreja Presbiteriana Manancial,Brasília,DF,a,Rev. Helder Rodrigues de Souza,pr.helder@gmail.com; ig.presb.manancial@gmail.com; henriquejersey@hotmail.com,1.Igreja filiada à IPB,Setor Habitacional Tororó - Santa Maria/DF,,,
144,Igreja Batista Koinonia de Águas Claras,Brasília,DF,a,,,2.Igreja evangélica não IPB,,,,
145,Igreja Presbiteriana de Icoaraci,Belém,PA,a,Rev. Edinaldo Araújo,revedivdm@gmail.com,1.Igreja filiada à IPB,91-985228167,,,
146,Igreja Presbiteriana Renovada (Gama),Brasília,DF,a,,,2.Igreja evangélica não IPB,,,,
147,Igreja Cristã Evangélica de Fortaleza (ICEF),Fortaleza,CE,a,,,2.Igreja evangélica não IPB,,,,
148,Igreja Cristã Evangélica de Águas Claras,Brasília,DF,a,,,2.Igreja evangélica não IPB,,,,
149,Ministério Internacional Vida Abundante (em Ceilândia),Brasília,DF,o,,,2.Igreja evangélica não IPB,,,,
150,Igreja Metodista Wesleyana,Brasília,DF,a,,,2.Igreja evangélica não IPB,,,,
151,Igreja Presbiteriana Independente do Cruzeiro,Brasília,DF,a,,,2.Igreja evangélica não IPB,,,,
153,Ministério Grão de Mostarda,Brasília,DF,a,,,2.Igreja evangélica não IPB,,,,
154,Igreja Batista Cristã de Brasília,Brasília,DF,a,,,2.Igreja evangélica não IPB,,,,
155,Assembleia de Deus em Taguatinga (ADET),Brasília,DF,a,,,2.Igreja evangélica não IPB,,,,
156,Igreja Batista Permanecer,Brasília,DF,a,Pastor Elias de Medeiros Guimarães,elias.guimaraes@tjdft.jus.br; eliasccp@gmail.com,2.Igreja evangélica não IPB,,,,
157,"Clear Water Church, Anchorage, Alaska",Anchorage,Alaska/USA,a,,,3.outra origem,,,,
158,Igreja Bíblica Reformada da Aliança - IBRA,Brasília,DF,a,,,2.Igreja evangélica não IPB,,,,
159,Igreja Reformada do Brasil Maranata em Unaí/MG,Unaí,DF,a,Rev. Marcel Mattos Tavares,,2.Igreja evangélica não IPB,http://igrejasreformadasdobrasil.org/igrejas/distrito-federal/igreja-reformada-em-brasilia,QNG 27 lote 24 lojas 04 e 05 (Em frente ao CRAS Taguatinga),,
160,Igreja Local (Watchman Nee/Witness Lee),Brasília,DF,a,,,3.outra origem,,,,
161,Ministério Batista da Graça de Resente,Resende,RJ,o,,,2.Igreja evangélica não IPB,,,,
162,Comunidade Evangélica da Fé,Brasília,DF,a,,,2.Igreja evangélica não IPB,,,,
163,Igreja de Nova Vida - Areal,Brasília,DF,a,,,2.Igreja evangélica não IPB,,,,
164,Igreja Batista Filadélfia (em Taguatinga),Brasília,DF,a,,,2.Igreja evangélica não IPB,,,,
165,Igreja Presbiteriana em Bangu,Rio de Janeiro,RJ,a,,,1.Igreja filiada à IPB,,,,
166,Igreja Aliança Cristã e Missionária Ebenézer do Gama,Brasília,DF,a,Rev. Abisai Nunes De Lima,abisai@uol.com.br,2.Igreja evangélica não IPB,,,,
167,Igreja Comunidade Cristã Fruto do Espírito,Brasília,DF,a,,,2.Igreja evangélica não IPB,,,,
168,Igreja Presbiteriana da Alvorada,Brasília,DF,a,Rev. Lincon Leiva Luiz Alves e Presb. Adilson Degani,ipa@ipalvorada.org.br,1.Igreja filiada à IPB,(61) 3273-5791 (61) 3340-2981; SQN 410 Área Especial Asa Norte Brasília-DF,,,
169,Igreja Presbiteriana do Campo Belo,São Paulo,SP,a,Rev. Valdeci Santos,val.saints@terra.com.br;efcoutinhojr@hotmail.com;fb.coutinho@uol.com.br,1.Igreja filiada à IPB,,,,
170,Segunda Igreja Batista do Plano Piloto - Cruzeiro Velho  - DF,Brasília,DF,a,,,2.Igreja evangélica não IPB,,,,
171,Igreja Batista Peniel em Santa Maria,Brasília,DF,a,,,2.Igreja evangélica não IPB,,,,
172,Igreja Presbiteriana do Encontro Vinho Novo,Brasília,DF,a,Rev. Samuel Costa,samuelcosta1@yahoo.com.br,1.Igreja filiada à IPB,,,,
173,Igreja Batista Deus é Luz (Águas Claras),Brasília,DF,a,,,2.Igreja evangélica não IPB,,,,
174,Faith Vancouver Presbyterian Church,Vancouver,British Columbia/CA,a,,,2.Igreja evangélica não IPB,,,,
175,Igreja da Reconciliação (Samambaia),Brasília,DF,a,,,2.Igreja evangélica não IPB,,,,
176,Igreja Batista Primeiro de Julho (Taguatinga),Brasília,DF,a,,,2.Igreja evangélica não IPB,,,,
177,Igreja Cristã Mover de Deus,Brasília,DF,a,,,2.Igreja evangélica não IPB,,,,
178,Igreja Presbiteriana Redenção,Brasília,DF,a,Presb. Cláudio Cruz,claudiosilvadacruz@gmail.com,1.Igreja filiada à IPB,,,,
179,Igreja Batista Palavra Viva - Águas Claras,Brasília,DF,a,,,2.Igreja evangélica não IPB,,,,
180,"Igreja Plenitude, Taguatinga Sul",Brasília,DF,a,,,2.Igreja evangélica não IPB,,,,
181,Igreja Cristã Evangélica Maranata (Gama),Brasília,DF,a,,,2.Igreja evangélica não IPB,,,,
183,Igreja Evangélica Resgate (Vila Velha/ES),Vila Velha,ES,a,,,2.Igreja evangélica não IPB,,,,
184,Bridges Church,Brasília,DF,a,,,2.Igreja evangélica não IPB,,,,
185,Igreja Presbiteriana das Palmeiras,Brasília,DF,a,Rev. Dalzir Rodrigues,dalzirsilva@gmail.com,1.Igreja filiada à IPB,,,,
186,Igreja Batista do Calvário (Sobradinho),Brasília,DF,a,,,2.Igreja evangélica não IPB,,,,
187,Assembleia de Deus Edificar Vidas (Sobradinho),Brasília,DF,a,,,2.Igreja evangélica não IPB,,,,
188,Igreja Presbiteriana do Areal,Brasília,DF,a,,,1.Igreja filiada à IPB,,,,
189,Primeira Igreja Presbiteriana de Águas Claras,Brasília,DF,a,Rev. Joseilson Santos (efetivo); Rev. José Loures Rosa (auxiliar); Presb. Tonny Sarmento (Secretário),joseilsonsantos@hotmail.com; pastorjoseiahwehmekadesh@ig.com.br; tonnysarmento@hotmail.com,1.Igreja filiada à IPB,http://ipaguasclaras.wixsite.com/ipaguasclaras/liderana,,,
190,Igreja Presbiteriana Águas Vivas,Brasília,DF,a,Presb. João Marcos Cunha Marçal (98130-3906),jmcmarcal@hotmail.com,1.Igreja filiada à IPB,,"SH Arniqueiras Col. Agrícola Vereda da Cruz - Taguatinga, Brasília - DF, 70297-400","-15.8507056,-48.0341546",
191,Igreja Presbiteriana do Alto Branco,Campina Grande,PB,a,Rev. Augusto Brayner,augustobrayner@gmail.com;secretaria@ipaltobranco.org,1.Igreja filiada à IPB,,,,
192,Igreja Presbiteriana Rio de Vida,Brasília,DF,a,,,1.Igreja filiada à IPB,,,"-15.8292921,-48.0485408",
193,Igreja Presbiteriana Central de Vicente Pires,Brasília,DF,a,,,1.Igreja filiada à IPB,,,"-15.8031209,-48.0441543",
194,Igreja Bola de Neve,Brasília,DF,a,,,2.Igreja evangélica não IPB,,,,
195,Igreja Presbiteriana do Planalto,Brasília,DF,a,Rev. Thiago Thomé Conceição e Presb. Alberto Carlos G. Castro Diniz,thiago@ippdf.com.br;sandra@ippdf.com.br;contato.ipp@ippdf.com.br;secretaria@ippdf.com.br,1.Igreja filiada à IPB,"A administradora lá eh a Sandra acho que ela deve  ter dos outros todos 
sandra@ippdf.com.br
[09:55, 6/2/2018] Bruno (IPC): O telefone lá eh 3272-0809",,"-15.765099,-47.891957",
196,Igreja Presbiteriana Central de São Carlos,São Carlos,SP,a,Presb. Marcelo Rodrigues,marcelo.amorim.rodrigues@gmail.com,1.Igreja filiada à IPB,,,,
197,Comunidade Evangélica Betel,Ananindeua,PA,a,,,2.Igreja evangélica não IPB,,,,
198,Primeira Igreja Batista,Belém,PA,a,,,2.Igreja evangélica não IPB,,,,
199,Igreja do Evangelho Quadrangular,Rio de Janeiro,RJ,a,,,2.Igreja evangélica não IPB,,,,
200,Igreja de Nova Vida - É de Deus,Rio de Janeiro,RJ,a,,,2.Igreja evangélica não IPB,,,,
201,Igreja Batista Central de Olaria,Rio de Janeiro,RJ,a,,,2.Igreja evangélica não IPB,,,,
202,Igreja Batista de Maricá,Rio de Janeiro,RJ,a,,,2.Igreja evangélica não IPB,,,,
203,Igreja o Brasil para Cristo de Taguatinga,Brasília,DF,a,,,2.Igreja evangélica não IPB,,,,
204,Assembleia de Deus Fogo e Unção (Taguatinga),Brasília,DF,a,,,2.Igreja evangélica não IPB,,,,
205,Casa da Bênção,Brasília,DF,a,,,2.Igreja evangélica não IPB,,,,
206,Igreja Presbiteriana Bairro de Fátima,São Paulo,SP,a,,,1.Igreja filiada à IPB,,,,
207,Igreja Ministério Semente (Guará II),Brasília,DF,a,,,2.Igreja evangélica não IPB,,,,
208,"Igreja de Deus no Brasil, do Riacho Fundo I",Brasília,DF,a,,,2.Igreja evangélica não IPB,,,,
209,Primeira Igreja Presbiteriana de Samambaia,Brasília,DF,a,Rev. Carlos Roberto de Souza Júnior e Presb. Silvano Ruivo de Oliveira,revcarlosjr@ipb.org.br;contato@ipsamambaia.com.br,1.Igreja filiada à IPB,Rev. Carlos Roberto de Souza Júnior 98559-1127,,,
210,Igreja de Cristo Discípulos de Jesus Samambaia Norte,Brasília,DF,a,,,2.Igreja evangélica não IPB,,,,
211,Igreja Batista Boas Novas,Brasília,DF,a,,,2.Igreja evangélica não IPB,,,,
213,Igreja Batista Ebenézer de Vicente Pires,Brasília,DF,a,,,2.Igreja evangélica não IPB,,,,
214,Igreja Batista Ebenézer de Taguatinga,Brasília,DF,a,,,2.Igreja evangélica não IPB,,,,
215,Assembleia de Deus Shalom (Vicente Pires),Brasília,DF,a,,,2.Igreja evangélica não IPB,,,,
216,Igreja Batista Shalom,Brasília,DF,a,,,2.Igreja evangélica não IPB,,,,
217,Christian Reformed Church of Sydney/Australia,Sydney/Austrália,SY,a,,,2.Igreja evangélica não IPB,,,,
218,Igreja Presbiteriana Central de Manaus,Manaus,AM,a,Rev. Francisco Chaves dos Santos e Presb. Jorge Barros (092 99136-7778),jorge.barros.am@hotmail.com; ipmanausoficial@gmail.com,1.Igreja filiada à IPB,,,,
219,Primeira Igreja Presbiteriana de Patos de Minas,Patos de Minas,MG,a,,,1.Igreja filiada à IPB,,,,
220,Assembleia de Deus Ministério Missão Estrutural (ADEMME),Brasília,DF,a,,,2.Igreja evangélica não IPB,,,,
221,Igreja Palavra Viva (Palavra Viva Church),Brasília,DF,a,"Pr. Olintho Bonifácio Lima (61 99216-6810, oblima@gmail.com)",oblima@gmail.com,2.Igreja evangélica não IPB,,"Qs 05, Rua 400 lote 08 Av. Areal - Ao lado da Academia Atlas, CEP 71955000 Águas Claras,",,
222,Faith Bible Church,Naples,FL/USA,a,,,2.Igreja evangélica não IPB,,"6464 Immokalee Road     Naples, Fl. 34119     faith@faithnaples.org",,
223,Igreja Cristã Eterna Aliança,Brasília,DF,a,Pr. Magno da Silva Pinto,mgnslvpnt@gmail.com,2.Igreja evangélica não IPB,celular 99671-5168,,,
224,Igreja Batista Deus é Luz (IBADEL),Brasília,DF,a,Pr. Michel Augusto,,2.Igreja evangélica não IPB,,,,https://goo.gl/maps/5nv4U2S26qS2
225,Assembleia de Deus de Águas Claras,Brasília,DF,a,,,2.Igreja evangélica não IPB,,,,
226,Ministério Mais de Deus,Brasília,DF,a,,,2.Igreja evangélica não IPB,,,,
227,Igreja Batista Nova Jerusalém,Brasília,DF,a,,,2.Igreja evangélica não IPB,,,,
228,"Trinity Presbyterian Church, Jackson",Jackson,MS/USA,a,Stephen Speaks,akojima@tpcjackson.org,3.outra origem,,,,
229,"Igreja de Deus no Brasil, Asa Sul 409/410",Brasília,DF,a,,,2.Igreja evangélica não IPB,,,,
230,Igreja Presbiteriana de Porto Alegre,Porto Alegre,RS,a,Rev. Osias Correia,secretaria.ippa@gmail.com; correiafoguinho@gmail.com,1.Igreja filiada à IPB,http://secretariaippa.wixsite.com/ippa/rev-osias-correia-,,,
231,Ministério Apostólico de Volta à Palavra,Brasília,DF,a,,,2.Igreja evangélica não IPB,,,,
232,Igreja Presbiteriana de Itumbiara,Itumbiara,GO,a,Rev. Wilton Cordeiro da Silva (+55 64 8119-0272),w-cordeiro@hotmail.com,1.Igreja filiada à IPB,"Igreja Presbiteriana de Itumbiara
Av. Afonso Pena nº 560
64 3431 2888
https://www.localprayers.com/BR/Itumbiara/241398195902849/Igreja-Presbiteriana-de-Itumbiara
https://www.facebook.com/wcordeiro777

64 8119-0272",,,
233,Missão Cristã Elim em Brasília,Brasília,DF,a,,,2.Igreja evangélica não IPB,,,,
234,Assembleia de Deus Vitória Plena,Brasília,DF,a,,,2.Igreja evangélica não IPB,,,,
235,Igreja Batista Verde,Rio Branco,RR,a,,,2.Igreja evangélica não IPB,,,,
236,Capela Presbiteriana de Anápolis,Anáplis,GO,a,Rev. Natanael Miguel Sallum,capela@capelaipb.org.br,1.Igreja filiada à IPB,,,,
237,Quinta Igreja Presbiteriana de Taguatinga,Brasília,DF,a,Rev. Ricardo de Santana Oliveira,ricarso1@hotmail.com,1.Igreja filiada à IPB,,,,
238,Igreja Evangélica Assembleia de Deus - Campo Taguatinga,Brasília,DF,a,,,2.Igreja evangélica não IPB,,,,
239,Assembleia de Deus – Ministério Internacional do Guará,Brasília,DF,a,,,2.Igreja evangélica não IPB,,,,
240,Igreja Batista Filadélfia (em São Luís/Maranhão),São Luís,MA,a,,,2.Igreja evangélica não IPB,,,,
241,Igreja Batista Filadelfia (em Águas Claras),Brasília,DF,a,,,2.Igreja evangélica não IPB,,,,
242,Igreja Assembleia de Deus (ADPNorte - Ministério Madureira),Brasília,DF,a,,,2.Igreja evangélica não IPB,,,,
243,City Reformed Presbyterian Church (PCA),Pittsburgh,PA/USA,a,,,2.Igreja evangélica não IPB,,,,
244,Igreja Adventista do 7º Dia,,,a,,,2.Igreja evangélica não IPB,,,,
245,Igreja Presbiteriana Bethesda,Brasília,DF,a,Rev. Sirgisberto Queiroga,sirgisberto@hotmail.com,1.Igreja filiada à IPB,,,,
246,Igreja Presbiteriana Aliança,Brasília,DF,a,Rev. Dilsilei Monteiro,dilsilei.monteiro@gmail.com;ipaliancadf@gmail.com,1.Igreja filiada à IPB,Igor 9293-3014,,,
248,Igreja Presbiteriana Renovada do Cruzeiro,Brasília,DF,a,,,2.Igreja evangélica não IPB,,,,
249,Igreja Presbiteriana da Barra da Tijuca,Rio de Janeiro,RJ,a,Rev. Antonio Carlos Costa,,1.Igreja filiada à IPB,,,,
250,Igreja Cristã Evangélica Betel de Taguatinga,Brasília,DF,a,,,2.Igreja evangélica não IPB,,,,
251,Faith Naples Church,EUA,,a,Rev. Pastor Justin Harris,justin@faithnaples.org,2.Igreja evangélica não IPB,,,,
252,Igreja Batista Reformada de Brasília,Brasília,DF,a,Pastor Michel Augusto,ibrb@ibrb.com.br,2.Igreja evangélica não IPB,3554-4584,,,
253,Igreja Cristã Evangélica Betesda (Samambaia Sul),Brasília,DF,a,,,2.Igreja evangélica não IPB,,,,
254,Assembleia de Deus Ministério das Américas,Brasília,DF,a,,,2.Igreja evangélica não IPB,,,,
255,Igreja Presbiteriana do Jardim das Américas,Anápolis,GO,a,Rev. Maximiliano da Silva Gama,ipjda@hotmail.com;pr.max@live.com,1.Igreja filiada à IPB,"Igreja Presbiteriana Jardim das Américas, Anápolis/GO
Presbitério Anápolis - PANA

Av. B, Qd. 49, Lote 18 - Jardim das Américas – 2ª Etapa - Anápolis/GO
CEP: 75070-440 

Tel: (62) 3318-7641
Email: ipjda@hotmail.com
Rev. Maximiliano da Silva Gama

Cel: (62) 9.9174-8696 
Email: pr.max@live.com",,,
256,Assembleia de Deus QND 52,Brasília,DF,a,,,2.Igreja evangélica não IPB,,,,
257,Igreja Cristã Presbiteriana do Guará,Brasília,DF,a,Pr. Euler de Oliveira Alves de Souza,EULEROAS@gmail.com,2.Igreja evangélica não IPB,,,,
258,Igreja Refúgio em Cristo Jesus,Brasília,DF,a,,,2.Igreja evangélica não IPB,https://www.empresascnpj.com/s/empresa/igreja-refugio-em-cristo-jesus-nome-fantasia-igreja-refugio-em-cristo-jesus/33341757000106,,,
259,Igreja Batista da Família,Salvador,BA,a,,,2.Igreja evangélica não IPB,,,,
260,Assembleia de Deus - Ministério do Guará,Brasília,DF,a,,,2.Igreja evangélica não IPB,,,,
261,Igreja Cristã de Confissão Reformada (Araraquara/SP),Araraquara,SP,a,,,2.Igreja evangélica não IPB,,,,
262,Igreja Presbiteriana do Brasil Residencial Santos Dumont (Santa Maria),Brasília,DF,a,Rev. Saulo Dourado Pereira,josemmneto@hotmail.com,1.Igreja filiada à IPB,"QC 01 lotes 04 e 06, Residencial Santos Dumont - - Santa Maria / DF - CEP :
Pastor : Rev Saulo Dourado Pereira - Fone : (61) 3395-4677 - Email : rsusarte@uol.com.br",,,
263,Igreja Presbiteriana Alvorada,Brasília,DF,a,Pr. Josias Antônio de Araújo Filho e Presb. Adilson Degani,ipalvorada@gmail.com; adilsondegani@gmail.com,1.Igreja filiada à IPB,98425-9765,,,
264,Igreja Assembleia de Deus,Brasília,DF,a,,,2.Igreja evangélica não IPB,,,,
266,Igreja Presbiteriana da Gávea,Rio de Janeiro,RJ,a,"Rev. Alexandre Sena, (21) 9-9946-4070",secretaria@ipgavea.org; aisena@uol.com.br,1.Igreja filiada à IPB,,,,
267,First Presbyterian Church of Troy/AL,Troy,AL/USA,a,,,2.Igreja evangélica não IPB,,,,
268,Igreja International Christian Center,Brasília,DF,a,,,1.Igreja filiada à IPB,,,,
269,Presbitério do Piauí,Terezina,PI,o,,,1.Igreja filiada à IPB,,,,
270,Ministério Caminho Verdade e Vida,Brasília,DF,o,,,2.Igreja evangélica não IPB,,"CRN 708/709 - Brasília, DF, 73000-500",,
271,Igreja Batista Ebenézer do P Norte,Brasília,DF,a,,,2.Igreja evangélica não IPB,,,,
272,Assembléia de Deus - Ministério de Madureira,Brasília,DF,a,,,2.Igreja evangélica não IPB,,,,
273,Presbitério Alvorada/SBS,Brasília,DF,o,,,1.Igreja filiada à IPB,,,,
274,Igreja Evangélica Aliança,Brasília,DF,a,,,2.Igreja evangélica não IPB,,,,
275,Primeira Igreja Presbiteriana de Belém,Belém,PA,a,,,1.Igreja filiada à IPB,,,,
276,Igreja Cristã Vida Plena,Brasília,DF,a,,,2.Igreja evangélica não IPB,,,,
277,Comunidade Evangélica Ágape,Brasília,DF,a,,,2.Igreja evangélica não IPB,,,,
278,Igreja Batista Sião (Taguatinga),Brasília,DF,a,,,2.Igreja evangélica não IPB,,,,
279,Igreja Batista Vida,Brasília,DF,a,Pr. Heber Aleixo,heberaleixo@gmail.com,2.Igreja evangélica não IPB,"Heber Aleixo, 9-8151-6476",,,
280,"Limerick Baptist Church (Limerick, Ireland)",Limerick,IR,a,Elder Edwin Tutty,foodtechservices@eircom.net,2.Igreja evangélica não IPB,http://www.limerickbaptist.ie/im-new-here/about/,"Old Cratloe Rd, Limerick, Irlanda",,
281,Igreja Vineyard Brasília,Brasília,DF,a,,,3.outra origem,,,,
282,Primeira Igreja Presbiteriana do Setor P Sul,Brasília,DF,a,Rev. Cleudimar Gonzaga da Cunha e Presb. Marcos,cleudimarc@bol.com.br,1.Igreja filiada à IPB,Rev. Cleudimar: 61 98415-8968. Presb. Marcos: 61 98116-5825,"EQNP 32/36 - Área Especial C - Setor P Sul - Ceilândia - Brasília/DF
CEP: 72.235-325

Tel: (61) 3376-0960",,
283,Igreja Cristã Evangélica do Núcleo Bandeirante,Brasília,DF,a,,,2.Igreja evangélica não IPB,,,,
284,Igreja Batista de Bom Jesus do Piauí,Bom Jesus,PI,a,,,2.Igreja evangélica não IPB,,,,
285,Primeira Igreja Presbiteriana de Bom Jesus do Piauí,Bom Jesus,PI,a,"Rev. Pierre Varella; Presb. Bruno, Secretário do Conselho",n@n.com,1.Igreja filiada à IPB,,,,
286,Harvest Orthodox Presbyterian Church,Michigan,USA,a,,,2.Igreja evangélica não IPB,,,,
287,Igreja Missionária Libertar,Brasília,DF,a,,,2.Igreja evangélica não IPB,,,,
288,Segunda Igreja Evangélica Baptista de Lisboa,Lisboa,Portugal,a,Pr.  Tiago Cavaco,,2.Igreja evangélica não IPB,,,,
289,Igreja Presbiteriana Capital,Brasília,DF,a,Rev. Silvio Bizzo e Presb. Bruno de Arruda Casagrande,sbizzo@gmail.com; casaosp@yahoo.com.br,1.Igreja filiada à IPB,,,,
290,Igreja Batista IDE,Brasília,DF,a,,,2.Igreja evangélica não IPB,,,,
291,Comunidade Viva (Batista),Manaus,AM,a,,,2.Igreja evangélica não IPB,,,,
292,Igreja Assembleia de Deus do Novo Milênio (Núcleo Bandeirante),Brasília,DF,a,,,2.Igreja evangélica não IPB,,,,
293,Igreja Projeto de Deus,Brasília,DF,a,,,2.Igreja evangélica não IPB,,,,
294,Igreja Assembleia de Deus Vitória em Cristo,Brasília,DF,a,,,2.Igreja evangélica não IPB,,,,
295,Igreja Presbiteriana de Meia Praia,Itapema,SC,a,Rev. Alexssandro Lafaiete Gonçalves,ipmeiapraia@gmail.com; lafaieteipb@yahoo.com.br,1.Igreja filiada à IPB,"Rua 292, nº 622 – Meia Praia, 88220-000 - Itapema (SC); Telefone: (47) 3268-3122 / (47) 98444-8747",,,
296,Igreja Evangélica Congregacional Conservadora de Barreiras (BA),Barreiras,BA,a,,,2.Igreja evangélica não IPB,,,,
297,Assembleia de Deus,Brasília,DF,a,,,2.Igreja evangélica não IPB,,,,
298,Igreja Batista Gileade,Brasília,DF,a,,,2.Igreja evangélica não IPB,,,,
299,Paz Church Taboão da Serra,,,a,,,2.Igreja evangélica não IPB,,,,
300,Igreja Plenitude da Graça,Brasília,DF,a,,,2.Igreja evangélica não IPB,,,,
301,Igreja Presbiteriana Renovada de Brasília,Brasília,DF,a,,,2.Igreja evangélica não IPB,,,,
302,Igreja Presbiteriana de Barra do Garças,Barra do Garças,MT,a,Rev. Luiz Antonio Ferraz,ferrazlua@ibest.com.br;primeiraipdg@hotmail.com;primeiraipdbg@hotmail.com,1.Igreja filiada à IPB,(66) 3401-4640,,,
303,Igreja Presbiteriana do Valparaíso,Valparaíso,GO,a,Rev. Roberto Branquinho,secretariadaipv@hotmail.com,1.Igreja filiada à IPB,,,,
304,Igreja Obra da Restauração (Samambaia),Brasília,DF,a,,,2.Igreja evangélica não IPB,https://igrejaemmarilia.wordpress.com/hitoria-da-igreja/,,,
305,Redeemer Croydon Church (Londres/UK),Londres,UK,a,Rev. Will Dobbie,gina@redeemercroydon.org,2.Igreja evangélica não IPB,,"Selborne Rd, Croydon CR0 5JQ, Reino Unido",,
306,Igreja Batista Koinonia,Brasília,DF,a,,,2.Igreja evangélica não IPB,,,,
307,Igreja Verbo da Vida,Brasília,DF,a,,,3.outra origem,,,,
308,Batista Koynonia,Brasília,DF,a,,,2.Igreja evangélica não IPB,,,,
309,Igreja Presbiteriana Betânia de Jataí,Jataí,GO,a,,,1.Igreja filiada à IPB,,,,
310,Igreja Metodista 906 Norte,Brasília,DF,a,,,2.Igreja evangélica não IPB,,,,
311,Igreja Cristã Casa de Oração,Brasília,DF,a,,,2.Igreja evangélica não IPB,,,,
312,Igreja Batista Cidade Viva,Brasília,DF,a,,,2.Igreja evangélica não IPB,,,,
313,Igreja Batista Nova Aliança,Luziânia,GO,a,,,2.Igreja evangélica não IPB,,,,
314,Igreja Batista Regular do Calvário (Ceilândia),Brasília,DF,a,Pastor Davi Lima,,2.Igreja evangélica não IPB,3042-8222,,,
315,Igreja Batista Movimento,Brasília,DF,a,,,2.Igreja evangélica não IPB,,,,
316,Assembleia de Deus Pentecostal Casa de Oração da Ceilândia,Brasília,DF,a,,,2.Igreja evangélica não IPB,,,,
317,Segunda Igreja Presbiteriana de Unaí,Unaí,MG,a,Rev. Lindemberg Sousa Costa,lindembergtan@hotmail.com,1.Igreja filiada à IPB,,,,
318,Igreja Presbiteriana de Caxias do Sul,Caxias do Sul,RS,a,Rev. Alexandre A. Costa,,1.Igreja filiada à IPB,(54) 9-8413-6915,https://www.ipcxs.com.br/,,
319,Igreja Batista Restauração,,,a,,,2.Igreja evangélica não IPB,,,,
320,Igreja Presbiteriana Betel,Brasília,DF,a,,,2.Igreja evangélica não IPB,,,,
321,Primeira Igreja Batista de Brazlândia,Brasília,DF,a,,,2.Igreja evangélica não IPB,,,,
323,Igreja Presbiteriana Pioneira de Brasília,Brasília,DF,a,Rev. Wulmar Lopes Vaz,wlopesvaz@yahoo.com.br; ippioneiradebrasilia@gmail.com,1.Igreja filiada à IPB,,,,
324,Igreja Presbiteriana nos Ingleses,Florianópolis,SC,a,Rev. Adriano,ipbingleses@gmail.com,1.Igreja filiada à IPB,,,,
325,"All Souls Church, Langham Place",Londres,UK,a,Rev. Charlie Skrine,charlie.skrine@allsouls.org,2.Igreja evangélica não IPB,,,,
326,Igreja de Jesus Cristo dos Santos dos Últimos Dias (Mórmon),,,a,,,3.outra origem,,,,
327,União Evangélica da Força Aérea (UNEFA),São Luís,MA,a,,,2.Igreja evangélica não IPB,,,,
328,North Hills Christian Reformed Church (Troy - Michigan/USA),Troy,MI/USA,a,,,2.Igreja evangélica não IPB,,,,
329,Ministério Internacional de Deus,Brasília,DF,o,,,2.Igreja evangélica não IPB,,,,
330,Igreja Cristã Evangélica Nova Vida (Ceilândia),Brasília,DF,a,,,2.Igreja evangélica não IPB,,,,
331,Igreja Centro de Adoração,Brasília,DF,a,,,2.Igreja evangélica não IPB,,,,
332,Igreja Batista Monte Sinai,Boa Vista,RR,a,,,2.Igreja evangélica não IPB,,,,
333,Igreja Presbiteriana do Guará I,Brasília,DF,a,Rev. Eron Franciulli,ipguara@gmail.com;contato@ipguara.org.br,1.Igreja filiada à IPB,"Antigos: Rev. Marcos Gustavo Villa (gugsvilla@gmail.com), Rev. Diego Martins (dyegodouglasmartins@gmail.com) e Presbítero Leonardo Firmo (leonardofirmo@gmail.com)",,,
335,Igreja Batista de Tavira (Portugal),Tavira,Portugal,a,,,2.Igreja evangélica não IPB,,,,
336,Comunidade Evangélica Cristã de Vicente Pires,Brasília,DF,a,,,2.Igreja evangélica não IPB,,,,
337,Igreja Batista da Graça,Brasília,DF,a,,,2.Igreja evangélica não IPB,(antiga Primeira Igreja batista reformada de Taguatinga),,,
338,Igreja Presbiteriana de Resende,Rio de Janeiro,RJ,a,Rev. Auricimar,,1.Igreja filiada à IPB,"Igreja Presbiteriana de Rezende, situada na Av Saturnino Braga,  380, Centro, Resende, RJ.(Rev. Auricimar, (024) 9-9991-5509)",,,
339,Igreja Batista Nações Unidas,Brasília,DF,a,,,2.Igreja evangélica não IPB,,,,
340,"Faith Reformed Presbyterian Church (Vancouver/BC, Canada)",Vancouver,British Columbia/CA,a,Rev. Mark Jones,,2.Igreja evangélica não IPB,,,,
341,Igreja Batista Nacional Adonai,Imperatriz,MA,,,,2.Igreja evangélica não IPB,,,,
342,"Assembleia de Deus de Samambaia (ADESA, QN 507, Samambaia Sul)",Brasília,DF,,,,2.Igreja evangélica não IPB,,,,
343,Igreja Missionária Evangélica Betel Brasileiro,Brasília,DF,a,,,2.Igreja evangélica não IPB,,,,
344,Igreja Presbiteriana de Vila Pompeia,São Paulo,SP,a,Rev. Wagner Zanelatto,(11) 95469-7524,1.Igreja filiada à IPB,,,,
345,Igreja Presbiteriana da Barra Funda,São Paulo,SP,a,Rev. Mauro Meister,,1.Igreja filiada à IPB,,,,
346,Igreja Batista Independente do Planalto,Brasília,DF,a,,,2.Igreja evangélica não IPB,,,,
347,Igreja Presbiteriana Central de Palmas,Palmas,TO,a,Rev. Danilo Alves,revdaniloalves@gmail.com,1.Igreja filiada à IPB,(63) 8424-5921,,,
348,Base Songs Five Estrutural,Brasília,DF,a,,,2.Igreja evangélica não IPB,,,,
349,Igreja Presbiteriana de Piratininga,Piratininga,SP,a,,,1.Igreja filiada à IPB,,,,
350,Iglesia Embajadores de Cristo (Colômbia),Colômbia,Colômbia,a,,,2.Igreja evangélica não IPB,,,,
351,Igreja Famílias em Cristo,,,,,,2.Igreja evangélica não IPB,,,,
352,Assembleia de Deus do Planalto Central,Brasília,DF,a,,,2.Igreja evangélica não IPB,,,,
353,Primeira Igreja Presbiteriana de Planaltina,Brasília,DF,a,,,1.Igreja filiada à IPB,,,,
354,Igreja Presbiteriana do Bairro dos Estados,João Pessoa,PB,a,,,1.Igreja filiada à IPB,,,,
355,Igreja Pentencostal Ebenezea Morea,Brasília,DF,a,,,2.Igreja evangélica não IPB,,,,
356,Assembléia de Deus Ministério de Missões,Brasília,DF,a,,,2.Igreja evangélica não IPB,,,,
357,Igreja Presbiteriana Central (em São Sebastião),Brasília,DF,a,Rev. Diogo de Freitas Silva e Presb. Elias Sousa Murback,bldiogosilva@gmail.com; emurback@yahoo.com.br,1.Igreja filiada à IPB,,,,
358,Igreja Reformada de Brasília - IRB,Brasília,DF,a,"Rev. Iraldo Luna, Presb. Weliton de Eça e Presb. André",conselho.irb@gmail.com,2.Igreja evangélica não IPB,https://www.irbrasilia.org/equipe,"SMSE CJ 13 LOTE 03 CASA 01 SETOR DE MANSOES SAMAMBAIA - Samambaia Sul, Brasília - DF, 72314-700",,
359,Igreja Presbiteriana de Parauapebas,Parauapebas,PA,a,Rev. Dorisvan Cunha e Presb. Oscar Oliveira Netto,ipbdeparauapebas@gmail.com;oliveiranetto@hotmail.com.br,1.Igreja filiada à IPB,,,,
360,Igreja Divulgadora do Evangelho na Família - IDEF,Brasília,DF,a,,,2.Igreja evangélica não IPB,,,,
361,Igreja Cristã Presbiteriana da Cidade Ocidental,Brasília,DF,a,,,2.Igreja evangélica não IPB,,,,
362,Igreja Presbiteriana do Jardim Zuleika,Cidade Ocidental,GO,a,Rev. Naasson Carlos Tolentino Queiroz Ulhoa,naassonulhoa@hotmail.com,1.Igreja filiada à IPB,985122268,,,
363,Igreja Presbiteriana da Ilha do Governador,Rio de Janeiro,RJ,a,,,1.Igreja filiada à IPB,,,,
364,CENTRE ÉVANGÉLIQUE DE JONQUIERE,Arvida,Saguenay/CA,a,,,2.Igreja evangélica não IPB,,,,
365,Ministério Kehilah Shalom,Brasília,DF,a,,,2.Igreja evangélica não IPB,,,,
366,Primeira Igreja Batista da Asa Norte,Brasília,DF,a,,,2.Igreja evangélica não IPB,,,,
367,Assembleia de Deus em Taguatinga (ADETAG),Brasília,DF,a,,,2.Igreja evangélica não IPB,,,,
368,Igreja Cristã Evangélica de Curitiba,Curitiba,PR,a,,,2.Igreja evangélica não IPB,,,,
369,Igreja Episcopal Maranata (em Brasília),Brasília,DF,a,,,2.Igreja evangélica não IPB,,,,
370,Igreja Batista do Fonseca (Niterói - RJ),Niterói,RJ,a,,,2.Igreja evangélica não IPB,,,,
371,Igreja Batista Internacional do Gama,Brasília,DF,a,,,2.Igreja evangélica não IPB,,,,
372,Igreja Presbiteriana das Graças,Recife,PE,a,Rev. Antônio Sávio,secretaria@ipgracas.org.br,1.Igreja filiada à IPB,+55 81 9224-0143;,,,
373,Igreja Batista Boas Novas Internacional (IBBNI),Brasília,DF,a,,,2.Igreja evangélica não IPB,https://www.facebook.com/Ibbni,,,
374,Ministério Internacional Batista do Avivamento (MIBA),Brasília,DF,a,,,2.Igreja evangélica não IPB,https://miba.com.br/,,,
375,Grace Meridian Hill,Washington,EUA,a,Duke Kwon,,2.Igreja evangélica não IPB,,,,
376,Igreja Sal da Terra Brasília,Brasília,DF,a,Pastor Éber Magalhães Lenz César,,2.Igreja evangélica não IPB,,,,
377,Igreja Batista Reformada Vida Nova,Florianópolis,SC,a,,,2.Igreja evangélica não IPB,,,,
379,Catedral Anglicana da Santíssima Trindade em São Paulo,São Paulo,SP,a,,,2.Igreja evangélica não IPB,,,,
380,Adelaide Road Presbyterian Church,Dublin,Ireland,,,,2.Igreja evangélica não IPB,,,,
381,Assembleia de Deus Betel,Brasília,DF,a,,,2.Igreja evangélica não IPB,,,,
382,Congregação Presbiteriana Aliança Reformada,Porto Velho,RO,a,Rev. Rogério Bernini Junior,ipbcpar@gmail.com;ipbipar@gmail.com,1.Igreja filiada à IPB,"https://www.ipbcpar.com/; https://www.facebook.com/ipbipar/; R. Afonso Pena, 1581 - Nossa Sra. das Graças, Porto Velho - RO, 76804-116",,,
383,Comunidade Cristã Atos,Brasília,DF,a,,,2.Igreja evangélica não IPB,,,,
384,Igreja Batista Evangélica de Brasília,Brasília,DF,a,,,,,,,
385,International Church of Luzern,,,a,,,2.Igreja evangélica não IPB,,,,
386,"Christ Community Church (igreja Batista reformada em Louisville, Kentucky)",Louisville,Kentucky/USA,a,,,2.Igreja evangélica não IPB,,,,
387,Igreja Presbiteriana de Natal,Natal,RN,a,Presb. Rubens Cartaxo Junior,ipnatal@gmail.com,1.Igreja filiada à IPB,,,,
388,Igreja Assembléia de Deus Manancial,Brasília,DF,a,Pastor Sérgio da Mata,sergiodamata@gmail.com,2.Igreja evangélica não IPB,61 9-8424-3220,,,
389,Terceira Igreja Presbiteriana de Colatina,Colatina,ES,a,Thiago de Souza Dias,thiago_souzadias@hotmail.com,1.Igreja filiada à IPB,,,,
390,Igreja Cristã Evangélica da Aliança - Guará,Brasília,DF,a,,,2.Igreja evangélica não IPB,,,,
391,"Emelle Community Church (Emelle, Alabama)",,,,,,,,,,
392,"Catedral das Assembleias de Deus, no bairro Antonia (RJ)",Rio de Janeiro,RJ,a,,,2.Igreja evangélica não IPB,,,,
393,Igreja Presbiteriana Independente de Brasília,Brasília,DF,a,,,2.Igreja evangélica não IPB,,,,
394,Igreja Pentecostal Primeiro Amor (IPPA),Brasília,DF,a,,,2.Igreja evangélica não IPB,,,,
395,Assembleia de Deus - Catedral Baleia,Brasília,DF,a,,,2.Igreja evangélica não IPB,,,,
396,Igreja Paz e Vida,Brasília,DF,a,,,2.Igreja evangélica não IPB,,,,
397,Igreja Batista Vértice,Brasília,DF,a,Pastor Pedro Felizola (61 9-9846-4212),,2.Igreja evangélica não IPB,,,,
398,9ª Igreja Presbiteriana de Volta Redonda,Volta Redonda,RJ,a,,,1.Igreja filiada à IPB,,,,
399,Igreja Presbiteriana Jardim Maguari,Belém,PA,a,Rev. Paulo Miguel Braga,,1.Igreja filiada à IPB,091 9-8060-0099,,,
400,Igreja Presbiteriana Central do Pará,Belém,PA,a,Rev. Rafael,,1.Igreja filiada à IPB,091 9-9129-0620,,,
401,Igreja Batista Regular da Pituba,Salvador,BA,a,,,2.Igreja evangélica não IPB,,,,
402,Primeira Igreja Presbitreriana de Caeté,Caeté,MG,a,,,1.Igreja filiada à IPB,,,,
403,Igreja de Cristo (em Anápolis),Anápolis,GO,a,,,2.Igreja evangélica não IPB,,,,
404,Igreja Presbiteriana de Vila Formosa,Anápolis,GO,a,,,1.Igreja filiada à IPB,,,,
405,Igreja Cristã Maranata em Águas Claras,Brasília,DF,a,,,2.Igreja evangélica não IPB,,,,
406,Assembleia de Deus Remissão,Brasília,DF,a,,,2.Igreja evangélica não IPB,,,,
407,"Igreja de Nova Vida em Amendoeira, São Gonçalo-RJ",São Gonçalo,RJ,a,,,2.Igreja evangélica não IPB,,,,
408,Igreja de Nova Vida em Ceilândia Sul,Brasília,DF,a,,,2.Igreja evangélica não IPB,,,,
409,Igreja Presbiteriana de Ribeirão Preto,Ribeirão Presto,SP,a,,,1.Igreja filiada à IPB,,,,
410,Igreja Presbiteriana Esperança,Brasília,DF,a,Rev. Carlos Mendes,,1.Igreja filiada à IPB,,,,
411,Igreja Cristã Semear,Brasília,DF,a,,,2.Igreja evangélica não IPB,,,,
412,Igreja Batista Rio de Vida (em Vicente Pires),Brasília,DF,a,,,2.Igreja evangélica não IPB,,,,
413,Igreja Presbiteriana Renovada Central (Vicente Pires),Brasília,DF,a,,,2.Igreja evangélica não IPB,,,,
414,Igreja Presbiteriana de Cohama,São Luíz,MA,a,Rev. Paulo Ricardo (98 9-8486-5663),prpripb@gmail.com,1.Igreja filiada à IPB,,,,
415,Tabernáculo da Fé,Brasília,DF,a,,,3.outra origem,,,,
416,Igreja Batista Luz do Mundo,Brasília,DF,a,,,2.Igreja evangélica não IPB,,,,
417,Igreja Cristã Maranata (Sudoeste),Brasília,DF,a,,,2.Igreja evangélica não IPB,,,,
418,Igreja Batista Alfa,Brasília,DF,a,,,2.Igreja evangélica não IPB,,,,
419,Igreja Assembleia de Deus de Anápolis- Matriz,Anápolis,GO,a,,,2.Igreja evangélica não IPB,,,,
420,Igreja Batista Regular Maranata,Brasília,DF,a,,,2.Igreja evangélica não IPB,,,,
421,Igreja Presbiteriana Independente do Setor P Sul (Ceilândia),Brasília,DF,a,Rev. Israel Alves Madeiro e Presb. Nilton,ipipsul2005@gmail.com,2.Igreja evangélica não IPB,,,,
422,Igreja Batista Reformada de Águas Claras,Brasília,DF,a,,,2.Igreja evangélica não IPB,,,,
423,Igreja Presbiteriana San Andres (Buenos Aires),Buenos Aires,AR,a,Pastor Gerardo Muniello,secretaria@sanandres.org.ar,2.Igreja evangélica não IPB,,,,
424,Primeira Igreja Presbiteriana de Vitória,Vitória,ES,a,Rev. Jailto Lima do Nascimento e Presb. Roberto Esteves,revjnascimento@gmail.com,1.Igreja filiada à IPB,,,,
425,Igreja Evangélica Betel Brasileiro do Guará II,Brasília,DF,a,,,2.Igreja evangélica não IPB,,,,
426,Igreja Internacional da Reconciliação (IIR),Brasília,DF,a,,,2.Igreja evangélica não IPB,https://iirbrasil.com.br/,,,
427,Terceira Igreja Presbiteriana de Águas Lindas de Goias-GO,Águas Lindas,GO,a,Rev. Rogério Pereira Balbino,rogeriobalbino@yahoo.com.br,1.Igreja filiada à IPB,061 9-9638-1986,,,
428,Assembleia de Deus 6/8 Ceilândia Norte,Brasília,DF,a,,,2.Igreja evangélica não IPB,,,,
429,Igreja Oceano da Graça,Brasília,DF,a,,,2.Igreja evangélica não IPB,,,,
430,Igreja Cristã Maranata (Lago Sul),Brasília,DF,a,,,2.Igreja evangélica não IPB,,,,
431,Missão Evangélica Hosana,Brasília,DF,a,,,2.Igreja evangélica não IPB,,,,
432,Comunidade Cristã Pai,Brasília,DF,,,,2.Igreja evangélica não IPB,https://www.instagram.com/comunidadecristapai/,,,
433,Igreja do Nazareno (Ponta Negra - Natal/RN),Natal,RN,a,,,2.Igreja evangélica não IPB,,,,
434,Igreja Batista Vida Nova,Brasília,DF,a,,,2.Igreja evangélica não IPB,"Taguatinga, QI23",,,
435,"Fellowship Baptist Church (Edmonton/AB, Canada)",Edmonton,AB/CA,a,Pastor Jason Hagen,jason@fellowshipedmonton.com,2.Igreja evangélica não IPB,,"Fellowship Baptist Church Light, Life, and Love in Christ Jason Hagen Lead Pastor 14323 - 107A Ave NW Edmonton, AB, T5N IG2 780-454-8733 jason@fellowshipedmonton.com",,
436,Igreja Presbiteriana Renovada do Guará II,Brasília,DF,a,,,2.Igreja evangélica não IPB,,,,
437,Igreja Presbiteriana Central de Altamira,Altamira,PA,a,Rev. Vanderlei Machado Cruz,vanderlei.cruz@hotmail.com;ipcaltamira@gmail.com,1.Igreja filiada à IPB,93991776840,,,
438,Assembleia de Deus - Ministério Kairós,Brasília,DF,a,,,2.Igreja evangélica não IPB,,,,
439,Igreja do Reino de Cristo (Goiânia),Goinânia,GO,a,,,2.Igreja evangélica não IPB,,,,
440,Primeira Igreja Batista do Guará,Brasília,DF,a,,,2.Igreja evangélica não IPB,,,,
441,Primeira Igreja Batista de Brasília,Brasília,DF,a,,,2.Igreja evangélica não IPB,,,,
442,Ministério Internacional Cristo Vivo,Brasília,DF,a,,,2.Igreja evangélica não IPB,,,,
443,Igreja Presbiteriana de Piçarreira,Teresina,PI,a,,,1.Igreja filiada à IPB,,,,
444,Igreja Cristã Evangélica de Sobradinho,Brasília,DF,a,,,2.Igreja evangélica não IPB,,,,
445,Igreja Batista Reformada do Riacho Fundo - IBRRF,Brasília,DF,a,,,2.Igreja evangélica não IPB,,,,
446,Segunda Igreja Presbiteriana em São José,São José,SC,a,Rev. Sebastião Ferreira,sebastianfer777@gmail.com,1.Igreja filiada à IPB,,,,
447,Igreja Presbiteriana do Vale do Jatobá,Belo Horizonte,MG,a,,,1.Igreja filiada à IPB,,,,
448,70x7 Church,Brasília,DF,a,,,4.Igreja neopentecostal,,,,
449,Igreja Presbiteriana do Jóquei,Teresina,PI,a,Rev. Leonardo Oliveira,prleonardooliveira@gmail.com,1.Igreja filiada à IPB,Rev. Leonardo (86) 9-8839-6301,,,
450,Igreja Reformada em Blumenau,Blumenau,SC,a,Pr. Alberto M. Oliveira,,2.Igreja evangélica não IPB,(47) 9-8409-2256,,,
451,Igreja Presbiteriana de Cachoeira do Sul,Cachoeira do Sul,RS,a,Rev. Anderson Darcy Vieira de Moraes e Presb Alexandre,alexandre.agne@gmail.com,1.Igreja filiada à IPB,,,,
452,Presbitério do Rio Grande do Sul (PRGS),Porto Alegre,RS,a,,,1.Igreja filiada à IPB,,,,
453,Phoenix United Reformed Church – PURC,PHOENIX,AZ/US,,,,,,,,
454,Igreja do Evangelho Quadrangular em Brasília,Brasília,DF,a,,,2.Igreja evangélica não IPB,,,,
455,"Assembleia de Deus Campo de Missões, em Taguatinga",Brasília,DF,a,,,2.Igreja evangélica não IPB,,,,
456,Igreja Evangélica Missionária Graça de Cristo,Brasília,DF,a,,,2.Igreja evangélica não IPB,,,,
457,Primeira Igreja Presbiteriana de Parauapebas,Parauapebas,PA,a,Rev. Dorisvan Ferreira da Cunha e Presb. Denis Vieria (91) 9-8146-2836,contato@ipbdeparauapebas.com.br,1.Igreja filiada à IPB,,,,
458,Igreja Pentecostal Eliel,Brasilia,DF,a,,,2.Igreja evangélica não IPB,,,,
459,Igreja Presbiteriana de Canoas/RS,Canoas,RS,a,Rev. Daniel Alves,ipcanoas@ipb.org.br,1.Igreja filiada à IPB,,,,
460,Igreja Presbiteriana em Girassol (Cocalzinho),Cocalzinho,GO,a,,,1.Igreja filiada à IPB,,,,
461,Igreja Jeová Shamá,,,,,,2.Igreja evangélica não IPB,,,,
462,Comunidade das Nações de Águas Claras,Brasília,DF,a,,,2.Igreja evangélica não IPB,,,,
463,Comunidade Evangélica Cristo Vive (Santa Maria),Brasília,DF,a,,,2.Igreja evangélica não IPB,,,,
464,Igreja Cristã Evangélica da Aliança das Igrejas Cristãs Cristãs Evangélicas do Brasil (AICEB),São Luís,MA,a,,,2.Igreja evangélica não IPB,,,,
465,Igreja Presbiteriana de Formosa,Formosa,GO,a,Rev. Juvenal Camelo de Melo,reformando@ymail.com,1.Igreja filiada à IPB,Rev. Juvenal: 61 9-9655-6514,,,
466,Igreja Cristã Reformada da Comunhão,Brasília,DF,a,,,2.Igreja evangélica não IPB,,,,
467,Igreja Batista do Calhau,São Luís,MA,a,,,2.Igreja evangélica não IPB,,,,
468,Igreja Evangélica Deus Emanuel - IEDE,Brasília,DF,,,,2.Igreja evangélica não IPB,,,,
469,Igreja Batista da Lagoinha (IBL),Brasília,DF,a,,,2.Igreja evangélica não IPB,,,,
470,Igreja Presbiteriana do Sol Nascente,Brasília,DF,a,Rev. William Freitas,williamfreitas0281@gmail.com,1.Igreja filiada à IPB,,,,
471,Igreja Presbiteriana Independente de Avaré,Avaré,SP,a,,,2.Igreja evangélica não IPB,,,,
472,Igreja Presbiteriana de Ponta D´Areia (Caxambi),Rio de Janeiro,RJ,a,,,1.Igreja filiada à IPB,,,,
473,Quinta Igreja Presbiteriana de Unaí,Unaí,MG,a,,,1.Igreja filiada à IPB,,,,
474,Igreja Presbiteriana Ebenezer (em Sobradinho),Brasília,DF,a,,,1.Igreja filiada à IPB,,,,
475,Igreja Presbiteriana Boas Novas Setor de Mansões de Sobradinho,Brasília,DF,a,,,1.Igreja filiada à IPB,,,,
476,Comunhão Espírita de Brasília,Brasília,DF,a,,,3.outra origem,,,,
